usageKey,scientificName,canonicalName,rank,status,confidence,matchType,kingdom,phylum,order,family,genus,species,kingdomKey,phylumKey,classKey,orderKey,familyKey,genusKey,speciesKey,synonym,class,acceptedUsageKey,verbatim_name,verbatim_index
2439992,"Caluromys derbianus (Waterhouse, 1841)",Caluromys derbianus,SPECIES,ACCEPTED,99,EXACT,Animalia,Chordata,Didelphimorphia,Didelphidae,Caluromys,Caluromys derbianus,1,44,359,783,5455,2439991,2439992,FALSE,Mammalia,NA,Caluromys derbianus,1
9036942,"Marmosa alstoni (J.A.Allen, 1900)",Marmosa alstoni,SPECIES,SYNONYM,98,EXACT,Animalia,Chordata,Didelphimorphia,Didelphidae,Micoureus,Micoureus alstoni,1,44,359,783,5455,2439888,2439894,TRUE,Mammalia,2439894,Marmosa alstoni,2
2439876,"Marmosa mexicana Merriam, 1897",Marmosa mexicana,SPECIES,ACCEPTED,99,EXACT,Animalia,Chordata,Didelphimorphia,Didelphidae,Marmosa,Marmosa mexicana,1,44,359,783,5455,2439860,2439876,FALSE,Mammalia,NA,Marmosa mexicana,3
11909571,"Marmosa zeledoni Goldman, 1911",Marmosa zeledoni,SPECIES,ACCEPTED,99,EXACT,Animalia,Chordata,Didelphimorphia,Didelphidae,Marmosa,Marmosa zeledoni,1,44,359,783,5455,2439860,11909571,FALSE,Mammalia,NA,Marmosa zeledoni,4
9686324,"Metachirus nudicaudatus (É.Geoffroy Saint-Hilaire, 1803)",Metachirus nudicaudatus,SPECIES,ACCEPTED,98,EXACT,Animalia,Chordata,Didelphimorphia,Didelphidae,Metachirus,Metachirus nudicaudatus,1,44,359,783,5455,2439881,9686324,FALSE,Mammalia,NA,Metachirus nudicaudatus,5
5219955,"Chironectes minimus (Zimmermann, 1780)",Chironectes minimus,SPECIES,ACCEPTED,99,EXACT,Animalia,Chordata,Didelphimorphia,Didelphidae,Chironectes,Chironectes minimus,1,44,359,783,5455,2439977,5219955,FALSE,Mammalia,NA,Chironectes minimus,6
2439920,"Didelphis marsupialis Linnaeus, 1758",Didelphis marsupialis,SPECIES,ACCEPTED,99,EXACT,Animalia,Chordata,Didelphimorphia,Didelphidae,Didelphis,Didelphis marsupialis,1,44,359,783,5455,7932087,2439920,FALSE,Mammalia,NA,Didelphis marsupialis,7
2439923,"Didelphis virginiana Kerr, 1792",Didelphis virginiana,SPECIES,ACCEPTED,99,EXACT,Animalia,Chordata,Didelphimorphia,Didelphidae,Didelphis,Didelphis virginiana,1,44,359,783,5455,7932087,2439923,FALSE,Mammalia,NA,Didelphis virginiana,8
5219950,"Philander opossum (Linnaeus, 1758)",Philander opossum,SPECIES,ACCEPTED,99,EXACT,Animalia,Chordata,Didelphimorphia,Didelphidae,Philander,Philander opossum,1,44,359,783,5455,5219946,5219950,FALSE,Mammalia,NA,Philander opossum,9
2436346,"Myrmecophaga tridactyla Linnaeus, 1758",Myrmecophaga tridactyla,SPECIES,ACCEPTED,99,EXACT,Animalia,Chordata,Pilosa,Myrmecophagidae,Myrmecophaga,Myrmecophaga tridactyla,1,44,359,1494,9619,2436345,2436346,FALSE,Mammalia,NA,Myrmecophaga tridactyla,10
2436335,"Tamandua mexicana (Saussure, 1860)",Tamandua mexicana,SPECIES,ACCEPTED,99,EXACT,Animalia,Chordata,Pilosa,Myrmecophagidae,Tamandua,Tamandua mexicana,1,44,359,1494,9619,2436334,2436335,FALSE,Mammalia,NA,Tamandua mexicana,11
9934212,"Cyclopes dorsalis (Gray, 1865)",Cyclopes dorsalis,SPECIES,ACCEPTED,99,EXACT,Animalia,Chordata,Pilosa,Cyclopedidae,Cyclopes,Cyclopes dorsalis,1,44,359,1494,5482,2436325,9934212,FALSE,Mammalia,NA,Cyclopes dorsalis,12
5219520,"Choloepus hoffmanni Peters, 1858",Choloepus hoffmanni,SPECIES,ACCEPTED,99,EXACT,Animalia,Chordata,Pilosa,Megalonychidae,Choloepus,Choloepus hoffmanni,1,44,359,1494,6160,2436362,5219520,FALSE,Mammalia,NA,Choloepus hoffmanni,13
2436353,"Bradypus variegatus Schinz, 1825",Bradypus variegatus,SPECIES,ACCEPTED,99,EXACT,Animalia,Chordata,Pilosa,Bradypodidae,Bradypus,Bradypus variegatus,1,44,359,1494,9418,2436350,2436353,FALSE,Mammalia,NA,Bradypus variegatus,14
2440806,"Cabassous centralis (Miller, 1899)",Cabassous centralis,SPECIES,ACCEPTED,99,EXACT,Animalia,Chordata,Cingulata,Dasypodidae,Cabassous,Cabassous centralis,1,44,359,735,9369,2440805,2440806,FALSE,Mammalia,NA,Cabassous centralis,15
2440779,"Dasypus novemcinctus Linnaeus, 1758",Dasypus novemcinctus,SPECIES,ACCEPTED,99,EXACT,Animalia,Chordata,Cingulata,Dasypodidae,Dasypus,Dasypus novemcinctus,1,44,359,735,9369,2440775,2440779,FALSE,Mammalia,NA,Dasypus novemcinctus,16
5219505,"Cryptotis gracilis Miller, 1911",Cryptotis gracilis,SPECIES,ACCEPTED,99,EXACT,Animalia,Chordata,Soricomorpha,Soricidae,Cryptotis,Cryptotis gracilis,1,44,359,803,5534,2435817,5219505,FALSE,Mammalia,NA,Cryptotis gracilis,17
5219491,"Cryptotis merriami Choate, 1970",Cryptotis merriami,SPECIES,ACCEPTED,99,EXACT,Animalia,Chordata,Soricomorpha,Soricidae,Cryptotis,Cryptotis merriami,1,44,359,803,5534,2435817,5219491,FALSE,Mammalia,NA,Cryptotis merriami,18
5219484,"Cryptotis nigrescens (J.A.Allen, 1895)",Cryptotis nigrescens,SPECIES,ACCEPTED,99,EXACT,Animalia,Chordata,Soricomorpha,Soricidae,Cryptotis,Cryptotis nigrescens,1,44,359,803,5534,2435817,5219484,FALSE,Mammalia,NA,Cryptotis nigrescens,19
5219493,"Cryptotis orophila (J.A.Allen, 1895)",Cryptotis orophila,SPECIES,ACCEPTED,99,EXACT,Animalia,Chordata,Soricomorpha,Soricidae,Cryptotis,Cryptotis orophila,1,44,359,803,5534,2435817,5219493,FALSE,Mammalia,NA,Cryptotis orophila,20
8801076,"Cryptotis monteverdensis Woodman & Timm, 2017",Cryptotis monteverdensis,SPECIES,ACCEPTED,99,EXACT,Animalia,Chordata,Soricomorpha,Soricidae,Cryptotis,Cryptotis monteverdensis,1,44,359,803,5534,2435817,8801076,FALSE,Mammalia,NA,Cryptotis monteverdensis,21
5219498,"Cryptotis thomasi (Merriam, 1897)",Cryptotis thomasi,SPECIES,ACCEPTED,99,EXACT,Animalia,Chordata,Soricomorpha,Soricidae,Cryptotis,Cryptotis thomasi,1,44,359,803,5534,2435817,5219498,FALSE,Mammalia,NA,Cryptotis thomasi,22
2433132,"Balantiopteryx plicata Peters, 1867",Balantiopteryx plicata,SPECIES,ACCEPTED,99,EXACT,Animalia,Chordata,Chiroptera,Emballonuridae,Balantiopteryx,Balantiopteryx plicata,1,44,359,734,9615,2433131,2433132,FALSE,Mammalia,NA,Balantiopteryx plicata,23
4265249,"Centronycteris centralis Thomas, 1912",Centronycteris centralis,SPECIES,ACCEPTED,99,EXACT,Animalia,Chordata,Chiroptera,Emballonuridae,Centronycteris,Centronycteris centralis,1,44,359,734,9615,2433135,4265249,FALSE,Mammalia,NA,Centronycteris centralis,24
2433102,"Cormura brevirostris (Wagner, 1843)",Cormura brevirostris,SPECIES,ACCEPTED,99,EXACT,Animalia,Chordata,Chiroptera,Emballonuridae,Cormura,Cormura brevirostris,1,44,359,734,9615,2433101,2433102,FALSE,Mammalia,NA,Cormura brevirostris,25
2433138,"Cyttarops alecto Thomas, 1913",Cyttarops alecto,SPECIES,ACCEPTED,99,EXACT,Animalia,Chordata,Chiroptera,Emballonuridae,Cyttarops,Cyttarops alecto,1,44,359,734,9615,2433137,2433138,FALSE,Mammalia,NA,Cyttarops alecto,26
2433092,"Diclidurus albus Wied-Neuwied, 1820",Diclidurus albus,SPECIES,ACCEPTED,99,EXACT,Animalia,Chordata,Chiroptera,Emballonuridae,Diclidurus,Diclidurus albus,1,44,359,734,9615,2433089,2433092,FALSE,Mammalia,NA,Diclidurus albus,27
2433142,"Peropteryx kappleri Peters, 1867",Peropteryx kappleri,SPECIES,ACCEPTED,99,EXACT,Animalia,Chordata,Chiroptera,Emballonuridae,Peropteryx,Peropteryx kappleri,1,44,359,734,9615,2433139,2433142,FALSE,Mammalia,NA,Peropteryx kappleri,28
2433140,"Peropteryx macrotis (Wagner, 1843)",Peropteryx macrotis,SPECIES,ACCEPTED,99,EXACT,Animalia,Chordata,Chiroptera,Emballonuridae,Peropteryx,Peropteryx macrotis,1,44,359,734,9615,2433139,2433140,FALSE,Mammalia,NA,Peropteryx macrotis,29
2433095,"Rhynchonycteris naso (Wied-Neuwied, 1820)",Rhynchonycteris naso,SPECIES,ACCEPTED,98,EXACT,Animalia,Chordata,Chiroptera,Emballonuridae,Rhynchonycteris,Rhynchonycteris naso,1,44,359,734,9615,2433094,2433095,FALSE,Mammalia,NA,Rhynchonycteris naso,30
5218731,"Saccopteryx bilineata (Temminck, 1838)",Saccopteryx bilineata,SPECIES,ACCEPTED,99,EXACT,Animalia,Chordata,Chiroptera,Emballonuridae,Saccopteryx,Saccopteryx bilineata,1,44,359,734,9615,2433096,5218731,FALSE,Mammalia,NA,Saccopteryx bilineata,31
5218730,"Saccopteryx leptura (Schreber, 1774)",Saccopteryx leptura,SPECIES,ACCEPTED,99,EXACT,Animalia,Chordata,Chiroptera,Emballonuridae,Saccopteryx,Saccopteryx leptura,1,44,359,734,9615,2433096,5218730,FALSE,Mammalia,NA,Saccopteryx leptura,32
2433344,"Noctilio albiventris Desmarest, 1818",Noctilio albiventris,SPECIES,ACCEPTED,99,EXACT,Animalia,Chordata,Chiroptera,Noctilionidae,Noctilio,Noctilio albiventris,1,44,359,734,5447,2433342,2433344,FALSE,Mammalia,NA,Noctilio albiventris,33
2433343,"Noctilio leporinus (Linnaeus, 1758)",Noctilio leporinus,SPECIES,ACCEPTED,99,EXACT,Animalia,Chordata,Chiroptera,Noctilionidae,Noctilio,Noctilio leporinus,1,44,359,734,5447,2433342,2433343,FALSE,Mammalia,NA,Noctilio leporinus,34
11150983,"Pteronotus fulvus (Thomas, 1892)",Pteronotus fulvus,SPECIES,ACCEPTED,99,EXACT,Animalia,Chordata,Chiroptera,Mormoopidae,Pteronotus,Pteronotus fulvus,1,44,359,734,9616,2432761,11150983,FALSE,Mammalia,NA,Pteronotus fulvus,35
5218624,"Pteronotus gymnonotus (Natterer, 1843)",Pteronotus gymnonotus,SPECIES,ACCEPTED,98,EXACT,Animalia,Chordata,Chiroptera,Mormoopidae,Pteronotus,Pteronotus gymnonotus,1,44,359,734,9616,2432761,5218624,FALSE,Mammalia,NA,Pteronotus gymnonotus,36
9056185,"Pteronotus mesoamericanus Smith, 1972",Pteronotus mesoamericanus,SPECIES,ACCEPTED,99,EXACT,Animalia,Chordata,Chiroptera,Mormoopidae,Pteronotus,Pteronotus mesoamericanus,1,44,359,734,9616,2432761,9056185,FALSE,Mammalia,NA,Pteronotus mesoamericanus,37
5218619,"Pteronotus personatus (Wagner, 1843)",Pteronotus personatus,SPECIES,ACCEPTED,99,EXACT,Animalia,Chordata,Chiroptera,Mormoopidae,Pteronotus,Pteronotus personatus,1,44,359,734,9616,2432761,5218619,FALSE,Mammalia,NA,Pteronotus personatus,38
2433215,"Lonchorhina aurita Tomes, 1863",Lonchorhina aurita,SPECIES,ACCEPTED,99,EXACT,Animalia,Chordata,Chiroptera,Phyllostomidae,Lonchorhina,Lonchorhina aurita,1,44,359,734,9366,2433212,2433215,FALSE,Mammalia,NA,Lonchorhina aurita,39
5218752,"Macrophyllum macrophyllum (Schinz, 1821)",Macrophyllum macrophyllum,SPECIES,ACCEPTED,99,EXACT,Animalia,Chordata,Chiroptera,Phyllostomidae,Macrophyllum,Macrophyllum macrophyllum,1,44,359,734,9366,2433179,5218752,FALSE,Mammalia,NA,Macrophyllum macrophyllum,40
4265293,"Mimon cozumelae Goldman, 1914",Mimon cozumelae,SPECIES,ACCEPTED,99,EXACT,Animalia,Chordata,Chiroptera,Phyllostomidae,Mimon,Mimon cozumelae,1,44,359,734,9366,2433308,4265293,FALSE,Mammalia,NA,Mimon cozumelae,41
8962358,"Gardnerycteris crenulatum (E.Geoffroy, 1803)",Gardnerycteris crenulatum,SPECIES,ACCEPTED,85,FUZZY,Animalia,Chordata,Chiroptera,Phyllostomidae,Gardnerycteris,Gardnerycteris crenulatum,1,44,359,734,9366,8837835,8962358,FALSE,Mammalia,NA,Gardnernycteris crenulatum,42
4265381,"Glyphonycteris daviesi (Hill, 1964)",Glyphonycteris daviesi,SPECIES,ACCEPTED,99,EXACT,Animalia,Chordata,Chiroptera,Phyllostomidae,Glyphonycteris,Glyphonycteris daviesi,1,44,359,734,9366,4265378,4265381,FALSE,Mammalia,NA,Glyphonycteris daviesi,43
4265380,"Glyphonycteris sylvestris Thomas, 1896",Glyphonycteris sylvestris,SPECIES,ACCEPTED,99,EXACT,Animalia,Chordata,Chiroptera,Phyllostomidae,Glyphonycteris,Glyphonycteris sylvestris,1,44,359,734,9366,4265378,4265380,FALSE,Mammalia,NA,Glyphonycteris sylvestris,44
4265427,"Lampronycteris brachyotis (Dobson, 1879)",Lampronycteris brachyotis,SPECIES,ACCEPTED,99,EXACT,Animalia,Chordata,Chiroptera,Phyllostomidae,Lampronycteris,Lampronycteris brachyotis,1,44,359,734,9366,4265426,4265427,FALSE,Mammalia,NA,Lampronycteris brachyotis,45
2433287,"Micronycteris hirsuta (Peters, 1869)",Micronycteris hirsuta,SPECIES,ACCEPTED,99,EXACT,Animalia,Chordata,Chiroptera,Phyllostomidae,Micronycteris,Micronycteris hirsuta,1,44,359,734,9366,2433283,2433287,FALSE,Mammalia,NA,Micronycteris hirsuta,46
7261690,"Micronycteris microtis Miller, 1898",Micronycteris microtis,SPECIES,ACCEPTED,99,EXACT,Animalia,Chordata,Chiroptera,Phyllostomidae,Micronycteris,Micronycteris microtis,1,44,359,734,9366,2433283,7261690,FALSE,Mammalia,NA,Micronycteris microtis,47
2433286,"Micronycteris minuta (Gervais, 1856)",Micronycteris minuta,SPECIES,ACCEPTED,99,EXACT,Animalia,Chordata,Chiroptera,Phyllostomidae,Micronycteris,Micronycteris minuta,1,44,359,734,9366,2433283,2433286,FALSE,Mammalia,NA,Micronycteris minuta,48
2433285,"Micronycteris schmidtorum Sanborn, 1935",Micronycteris schmidtorum,SPECIES,ACCEPTED,99,EXACT,Animalia,Chordata,Chiroptera,Phyllostomidae,Micronycteris,Micronycteris schmidtorum,1,44,359,734,9366,2433283,2433285,FALSE,Mammalia,NA,Micronycteris schmidtorum,49
4265371,"Trinycteris nicefori (Sanborn, 1949)",Trinycteris nicefori,SPECIES,ACCEPTED,99,EXACT,Animalia,Chordata,Chiroptera,Phyllostomidae,Trinycteris,Trinycteris nicefori,1,44,359,734,9366,4265370,4265371,FALSE,Mammalia,NA,Trinycteris nicefori,50
2433171,"Phylloderma stenops Peters, 1865",Phylloderma stenops,SPECIES,ACCEPTED,99,EXACT,Animalia,Chordata,Chiroptera,Phyllostomidae,Phylloderma,Phylloderma stenops,1,44,359,734,9366,2433170,2433171,FALSE,Mammalia,NA,Phylloderma stenops,51
2433280,"Phyllostomus discolor Wagner, 1843",Phyllostomus discolor,SPECIES,ACCEPTED,99,EXACT,Animalia,Chordata,Chiroptera,Phyllostomidae,Phyllostomus,Phyllostomus discolor,1,44,359,734,9366,2433278,2433280,FALSE,Mammalia,NA,Phyllostomus discolor,52
2433279,"Phyllostomus hastatus (Pallas, 1767)",Phyllostomus hastatus,SPECIES,ACCEPTED,99,EXACT,Animalia,Chordata,Chiroptera,Phyllostomidae,Phyllostomus,Phyllostomus hastatus,1,44,359,734,9366,2433278,2433279,FALSE,Mammalia,NA,Phyllostomus hastatus,53
5218753,"Chrotopterus auritus (Peters, 1856)",Chrotopterus auritus,SPECIES,ACCEPTED,99,EXACT,Animalia,Chordata,Chiroptera,Phyllostomidae,Chrotopterus,Chrotopterus auritus,1,44,359,734,9366,2433181,5218753,FALSE,Mammalia,NA,Chrotopterus auritus,54
5706814,"Lophostoma brasiliense Peters, 1867",Lophostoma brasiliense,SPECIES,ACCEPTED,99,EXACT,Animalia,Chordata,Chiroptera,Phyllostomidae,Lophostoma,Lophostoma brasiliense,1,44,359,734,9366,3239770,5706814,FALSE,Mammalia,NA,Lophostoma brasiliense,55
11224934,"Lophostoma silvicolum d'Orbigny, 1836",Lophostoma silvicolum,SPECIES,SYNONYM,98,EXACT,Animalia,Chordata,Chiroptera,Phyllostomidae,Lophostoma,Lophostoma silvicola,1,44,359,734,9366,3239770,5706810,TRUE,Mammalia,5706810,Lophostoma silvicolum,56
7261667,"Tonatia saurophila Koopman & Williams, 1951",Tonatia saurophila,SPECIES,ACCEPTED,99,EXACT,Animalia,Chordata,Chiroptera,Phyllostomidae,Tonatia,Tonatia saurophila,1,44,359,734,9366,2433199,7261667,FALSE,Mammalia,NA,Tonatia saurophila,57
2433300,"Trachops cirrhosus (Spix, 1823)",Trachops cirrhosus,SPECIES,ACCEPTED,99,EXACT,Animalia,Chordata,Chiroptera,Phyllostomidae,Trachops,Trachops cirrhosus,1,44,359,734,9366,2433299,2433300,FALSE,Mammalia,NA,Trachops cirrhosus,58
2433341,"Vampyrum spectrum (Linnaeus, 1758)",Vampyrum spectrum,SPECIES,ACCEPTED,99,EXACT,Animalia,Chordata,Chiroptera,Phyllostomidae,Vampyrum,Vampyrum spectrum,1,44,359,734,9366,2433340,2433341,FALSE,Mammalia,NA,Vampyrum spectrum,59
5963042,"Anoura cultrata Handley, 1960",Anoura cultrata,SPECIES,ACCEPTED,99,EXACT,Animalia,Chordata,Chiroptera,Phyllostomidae,Anoura,Anoura cultrata,1,44,359,734,9366,5963037,5963042,FALSE,Mammalia,NA,Anoura cultrata,60
5963041,"Anoura geoffroyi Gray, 1838",Anoura geoffroyi,SPECIES,ACCEPTED,99,EXACT,Animalia,Chordata,Chiroptera,Phyllostomidae,Anoura,Anoura geoffroyi,1,44,359,734,9366,5963037,5963041,FALSE,Mammalia,NA,Anoura geoffroyi,61
2433161,"Choeroniscus godmani (Thomas, 1903)",Choeroniscus godmani,SPECIES,ACCEPTED,99,EXACT,Animalia,Chordata,Chiroptera,Phyllostomidae,Choeroniscus,Choeroniscus godmani,1,44,359,734,9366,2433157,2433161,FALSE,Mammalia,NA,Choeroniscus godmani,62
2433193,"Glossophaga commissarisi Gardner, 1962",Glossophaga commissarisi,SPECIES,ACCEPTED,99,EXACT,Animalia,Chordata,Chiroptera,Phyllostomidae,Glossophaga,Glossophaga commissarisi,1,44,359,734,9366,2433191,2433193,FALSE,Mammalia,NA,Glossophaga commissarisi,63
2433195,"Glossophaga leachii (Gray, 1844)",Glossophaga leachii,SPECIES,ACCEPTED,99,EXACT,Animalia,Chordata,Chiroptera,Phyllostomidae,Glossophaga,Glossophaga leachii,1,44,359,734,9366,2433191,2433195,FALSE,Mammalia,NA,Glossophaga leachii,64
2433194,"Glossophaga soricina (Pallas, 1766)",Glossophaga soricina,SPECIES,ACCEPTED,99,EXACT,Animalia,Chordata,Chiroptera,Phyllostomidae,Glossophaga,Glossophaga soricina,1,44,359,734,9366,2433191,2433194,FALSE,Mammalia,NA,Glossophaga soricina,65
2433220,"Hylonycteris underwoodi Thomas, 1903",Hylonycteris underwoodi,SPECIES,ACCEPTED,99,EXACT,Animalia,Chordata,Chiroptera,Phyllostomidae,Hylonycteris,Hylonycteris underwoodi,1,44,359,734,9366,2433219,2433220,FALSE,Mammalia,NA,Hylonycteris underwoodi,66
2433253,"Lichonycteris obscura Thomas, 1895",Lichonycteris obscura,SPECIES,ACCEPTED,99,EXACT,Animalia,Chordata,Chiroptera,Phyllostomidae,Lichonycteris,Lichonycteris obscura,1,44,359,734,9366,2433252,2433253,FALSE,Mammalia,NA,Lichonycteris obscura,67
4832212,"Lonchophylla concava Goldman, 1914",Lonchophylla concava,SPECIES,ACCEPTED,99,EXACT,Animalia,Chordata,Chiroptera,Phyllostomidae,Lonchophylla,Lonchophylla concava,1,44,359,734,9366,2433223,4832212,FALSE,Mammalia,NA,Lonchophylla concava,68
2433224,"Lonchophylla robusta Miller, 1912",Lonchophylla robusta,SPECIES,ACCEPTED,99,EXACT,Animalia,Chordata,Chiroptera,Phyllostomidae,Lonchophylla,Lonchophylla robusta,1,44,359,734,9366,2433223,2433224,FALSE,Mammalia,NA,Lonchophylla robusta,69
2433178,"Carollia castanea H.Allen, 1890",Carollia castanea,SPECIES,ACCEPTED,99,EXACT,Animalia,Chordata,Chiroptera,Phyllostomidae,Carollia,Carollia castanea,1,44,359,734,9366,2433174,2433178,FALSE,Mammalia,NA,Carollia castanea,70
2433176,"Carollia perspicillata (Linnaeus, 1758)",Carollia perspicillata,SPECIES,ACCEPTED,99,EXACT,Animalia,Chordata,Chiroptera,Phyllostomidae,Carollia,Carollia perspicillata,1,44,359,734,9366,2433174,2433176,FALSE,Mammalia,NA,Carollia perspicillata,71
4265408,"Carollia sowelli Baker, Solari & Hoffmann, 2002",Carollia sowelli,SPECIES,ACCEPTED,99,EXACT,Animalia,Chordata,Chiroptera,Phyllostomidae,Carollia,Carollia sowelli,1,44,359,734,9366,2433174,4265408,FALSE,Mammalia,NA,Carollia sowelli,72
2433175,"Carollia subrufa (Hahn, 1905)",Carollia subrufa,SPECIES,ACCEPTED,99,EXACT,Animalia,Chordata,Chiroptera,Phyllostomidae,Carollia,Carollia subrufa,1,44,359,734,9366,2433174,2433175,FALSE,Mammalia,NA,Carollia subrufa,73
2433272,"Artibeus jamaicensis Leach, 1821",Artibeus jamaicensis,SPECIES,ACCEPTED,99,EXACT,Animalia,Chordata,Chiroptera,Phyllostomidae,Artibeus,Artibeus jamaicensis,1,44,359,734,9366,2433258,2433272,FALSE,Mammalia,NA,Artibeus jamaicensis,74
2433270,"Artibeus lituratus (Olfers, 1818)",Artibeus lituratus,SPECIES,ACCEPTED,99,EXACT,Animalia,Chordata,Chiroptera,Phyllostomidae,Artibeus,Artibeus lituratus,1,44,359,734,9366,2433258,2433270,FALSE,Mammalia,NA,Artibeus lituratus,75
2433148,"Centurio senex Gray, 1842",Centurio senex,SPECIES,ACCEPTED,99,EXACT,Animalia,Chordata,Chiroptera,Phyllostomidae,Centurio,Centurio senex,1,44,359,734,9366,2433147,2433148,FALSE,Mammalia,NA,Centurio senex,76
2433167,"Chiroderma salvini Dobson, 1878",Chiroderma salvini,SPECIES,ACCEPTED,98,EXACT,Animalia,Chordata,Chiroptera,Phyllostomidae,Chiroderma,Chiroderma salvini,1,44,359,734,9366,2433162,2433167,FALSE,Mammalia,NA,Chiroderma salvini,77
2433163,"Chiroderma trinitatum Goodwin, 1958",Chiroderma trinitatum,SPECIES,ACCEPTED,99,EXACT,Animalia,Chordata,Chiroptera,Phyllostomidae,Chiroderma,Chiroderma trinitatum,1,44,359,734,9366,2433162,2433163,FALSE,Mammalia,NA,Chiroderma trinitatum,78
2433165,"Chiroderma villosum Peters, 1860",Chiroderma villosum,SPECIES,ACCEPTED,99,EXACT,Animalia,Chordata,Chiroptera,Phyllostomidae,Chiroderma,Chiroderma villosum,1,44,359,734,9366,2433162,2433165,FALSE,Mammalia,NA,Chiroderma villosum,79
2433261,"Artibeus aztecus K.Andersen, 1906",Artibeus aztecus,SPECIES,ACCEPTED,96,FUZZY,Animalia,Chordata,Chiroptera,Phyllostomidae,Artibeus,Artibeus aztecus,1,44,359,734,9366,2433258,2433261,FALSE,Mammalia,NA,Artibeus azteca,80
2433264,"Artibeus phaeotis (Miller, 1902)",Artibeus phaeotis,SPECIES,ACCEPTED,99,EXACT,Animalia,Chordata,Chiroptera,Phyllostomidae,Artibeus,Artibeus phaeotis,1,44,359,734,9366,2433258,2433264,FALSE,Mammalia,NA,Artibeus phaeotis,81
2433260,"Artibeus toltecus (Saussure, 1860)",Artibeus toltecus,SPECIES,ACCEPTED,96,FUZZY,Animalia,Chordata,Chiroptera,Phyllostomidae,Artibeus,Artibeus toltecus,1,44,359,734,9366,2433258,2433260,FALSE,Mammalia,NA,Artibeus tolteca,82
4265337,"Artibeus watsoni Thomas, 1901",Artibeus watsoni,SPECIES,ACCEPTED,99,EXACT,Animalia,Chordata,Chiroptera,Phyllostomidae,Artibeus,Artibeus watsoni,1,44,359,734,9366,2433258,4265337,FALSE,Mammalia,NA,Artibeus watsoni,83
2433222,"Ectophylla alba H.Allen, 1892",Ectophylla alba,SPECIES,ACCEPTED,99,EXACT,Animalia,Chordata,Chiroptera,Phyllostomidae,Ectophylla,Ectophylla alba,1,44,359,734,9366,2433221,2433222,FALSE,Mammalia,NA,Ectophylla alba,84
4265356,"Enchisthenes hartii (Thomas, 1892)",Enchisthenes hartii,SPECIES,ACCEPTED,99,EXACT,Animalia,Chordata,Chiroptera,Phyllostomidae,Enchisthenes,Enchisthenes hartii,1,44,359,734,9366,4265355,4265356,FALSE,Mammalia,NA,Enchisthenes hartii,85
5218756,"Mesophylla macconnelli Thomas, 1901",Mesophylla macconnelli,SPECIES,ACCEPTED,99,EXACT,Animalia,Chordata,Chiroptera,Phyllostomidae,Mesophylla,Mesophylla macconnelli,1,44,359,734,9366,2433197,5218756,FALSE,Mammalia,NA,Mesophylla macconnelli,86
5218762,"Platyrrhinus helleri (Peters, 1866)",Platyrrhinus helleri,SPECIES,ACCEPTED,99,EXACT,Animalia,Chordata,Chiroptera,Phyllostomidae,Platyrrhinus,Platyrrhinus helleri,1,44,359,734,9366,2433241,5218762,FALSE,Mammalia,NA,Platyrrhinus helleri,87
5218764,"Platyrrhinus vittatus (Peters, 1860)",Platyrrhinus vittatus,SPECIES,ACCEPTED,99,EXACT,Animalia,Chordata,Chiroptera,Phyllostomidae,Platyrrhinus,Platyrrhinus vittatus,1,44,359,734,9366,2433241,5218764,FALSE,Mammalia,NA,Platyrrhinus vittatus,88
7394938,"Uroderma convexum Lyon, 1902",Uroderma convexum,SPECIES,ACCEPTED,99,EXACT,Animalia,Chordata,Chiroptera,Phyllostomidae,Uroderma,Uroderma convexum,1,44,359,734,9366,2433154,7394938,FALSE,Mammalia,NA,Uroderma convexum,89
4265374,"Vampyressa thyone Thomas, 1909",Vampyressa thyone,SPECIES,ACCEPTED,99,EXACT,Animalia,Chordata,Chiroptera,Phyllostomidae,Vampyressa,Vampyressa thyone,1,44,359,734,9366,2433185,4265374,FALSE,Mammalia,NA,Vampyressa thyone,90
7923589,"Vampyriscus nymphaea (Thomas, 1909)",Vampyriscus nymphaea,SPECIES,ACCEPTED,99,EXACT,Animalia,Chordata,Chiroptera,Phyllostomidae,Vampyriscus,Vampyriscus nymphaea,1,44,359,734,9366,4832220,7923589,FALSE,Mammalia,NA,Vampyriscus nymphaea,91
8761787,"Vampyrodes major G.M.Allen, 1908",Vampyrodes major,SPECIES,ACCEPTED,99,EXACT,Animalia,Chordata,Chiroptera,Phyllostomidae,Vampyrodes,Vampyrodes major,1,44,359,734,9366,2433217,8761787,FALSE,Mammalia,NA,Vampyrodes major,92
8244058,"Sturnira burtonlimi Velazco & Patterson, 2014",Sturnira burtonlimi,SPECIES,ACCEPTED,99,EXACT,Animalia,Chordata,Chiroptera,Phyllostomidae,Sturnira,Sturnira burtonlimi,1,44,359,734,9366,2433322,8244058,FALSE,Mammalia,NA,Sturnira burtonlimi,93
7964865,"Sturnira hondurensis Goodwin, 1940",Sturnira hondurensis,SPECIES,ACCEPTED,99,EXACT,Animalia,Chordata,Chiroptera,Phyllostomidae,Sturnira,Sturnira hondurensis,1,44,359,734,9366,2433322,7964865,FALSE,Mammalia,NA,Sturnira hondurensis,94
2433325,"Sturnira luisi Davis, 1980",Sturnira luisi,SPECIES,ACCEPTED,99,EXACT,Animalia,Chordata,Chiroptera,Phyllostomidae,Sturnira,Sturnira luisi,1,44,359,734,9366,2433322,2433325,FALSE,Mammalia,NA,Sturnira luisi,95
2433333,"Sturnira mordax (Goodwin, 1938)",Sturnira mordax,SPECIES,ACCEPTED,99,EXACT,Animalia,Chordata,Chiroptera,Phyllostomidae,Sturnira,Sturnira mordax,1,44,359,734,9366,2433322,2433333,FALSE,Mammalia,NA,Sturnira mordax,96
7769716,"Sturnira parvidens Goldman, 1917",Sturnira parvidens,SPECIES,ACCEPTED,99,EXACT,Animalia,Chordata,Chiroptera,Phyllostomidae,Sturnira,Sturnira parvidens,1,44,359,734,9366,2433322,7769716,FALSE,Mammalia,NA,Sturnira parvidens,97
2433298,"Desmodus rotundus (E.Geoffroy, 1810)",Desmodus rotundus,SPECIES,ACCEPTED,99,EXACT,Animalia,Chordata,Chiroptera,Phyllostomidae,Desmodus,Desmodus rotundus,1,44,359,734,9366,2433297,2433298,FALSE,Mammalia,NA,Desmodus rotundus,98
2433319,"Diaemus youngi (Jentink, 1893)",Diaemus youngi,SPECIES,SYNONYM,98,EXACT,Animalia,Chordata,Chiroptera,Phyllostomidae,Diaemus,Diaemus youngii,1,44,359,734,9366,2433318,7388991,TRUE,Mammalia,7388991,Diaemus youngi,99
2433173,"Diphylla ecaudata Spix, 1823",Diphylla ecaudata,SPECIES,ACCEPTED,99,EXACT,Animalia,Chordata,Chiroptera,Phyllostomidae,Diphylla,Diphylla ecaudata,1,44,359,734,9366,2433172,2433173,FALSE,Mammalia,NA,Diphylla ecaudata,100
5787405,"Natalus lanatus Tejedor, 2005",Natalus lanatus,SPECIES,ACCEPTED,99,EXACT,Animalia,Chordata,Chiroptera,Natalidae,Natalus,Natalus lanatus,1,44,359,734,9365,2432752,5787405,FALSE,Mammalia,NA,Natalus lanatus,101
5787406,"Natalus mexicanus Miller, 1902",Natalus mexicanus,SPECIES,ACCEPTED,99,EXACT,Animalia,Chordata,Chiroptera,Natalidae,Natalus,Natalus mexicanus,1,44,359,734,9365,2432752,5787406,FALSE,Mammalia,NA,Natalus mexicanus,102
2432769,"Furipterus horrens (F.Cuvier, 1828)",Furipterus horrens,SPECIES,ACCEPTED,99,EXACT,Animalia,Chordata,Chiroptera,Furipteridae,Furipterus,Furipterus horrens,1,44,359,734,5717,2432768,2432769,FALSE,Mammalia,NA,Furipterus horrens,103
2432774,"Thyroptera discifera (Lichtenstein & Peters, 1855)",Thyroptera discifera,SPECIES,ACCEPTED,99,EXACT,Animalia,Chordata,Chiroptera,Thyropteridae,Thyroptera,Thyroptera discifera,1,44,359,734,5451,2432772,2432774,FALSE,Mammalia,NA,Thyroptera discifera,104
2432773,"Thyroptera tricolor Spix, 1823",Thyroptera tricolor,SPECIES,ACCEPTED,99,EXACT,Animalia,Chordata,Chiroptera,Thyropteridae,Thyroptera,Thyroptera tricolor,1,44,359,734,5451,2432772,2432773,FALSE,Mammalia,NA,Thyroptera tricolor,105
2432368,"Eptesicus brasiliensis (Desmarest, 1819)",Eptesicus brasiliensis,SPECIES,ACCEPTED,99,EXACT,Animalia,Chordata,Chiroptera,Vespertilionidae,Eptesicus,Eptesicus brasiliensis,1,44,359,734,9368,2432345,2432368,FALSE,Mammalia,NA,Eptesicus brasiliensis,106
4265994,"Eptesicus chiriquinus Thomas, 1920",Eptesicus chiriquinus,SPECIES,ACCEPTED,98,EXACT,Animalia,Chordata,Chiroptera,Vespertilionidae,Eptesicus,Eptesicus chiriquinus,1,44,359,734,9368,2432345,4265994,FALSE,Mammalia,NA,Eptesicus chiriquinus,107
2432362,"Eptesicus furinalis (d'Orbigny, 1847)",Eptesicus furinalis,SPECIES,ACCEPTED,99,EXACT,Animalia,Chordata,Chiroptera,Vespertilionidae,Eptesicus,Eptesicus furinalis,1,44,359,734,9368,2432345,2432362,FALSE,Mammalia,NA,Eptesicus furinalis,108
2432352,"Eptesicus fuscus (Palisot de Beauvois, 1796)",Eptesicus fuscus,SPECIES,ACCEPTED,99,EXACT,Animalia,Chordata,Chiroptera,Vespertilionidae,Eptesicus,Eptesicus fuscus,1,44,359,734,9368,2432345,2432352,FALSE,Mammalia,NA,Eptesicus fuscus,109
11202631,"Lasiurus frantzii (Peters, 1871)",Lasiurus frantzii,SPECIES,ACCEPTED,99,EXACT,Animalia,Chordata,Chiroptera,Vespertilionidae,Lasiurus,Lasiurus frantzii,1,44,359,734,9368,2432584,11202631,FALSE,Mammalia,NA,Lasiurus frantzii,110
5218538,"Lasiurus castaneus Handley, 1960",Lasiurus castaneus,SPECIES,ACCEPTED,99,EXACT,Animalia,Chordata,Chiroptera,Vespertilionidae,Lasiurus,Lasiurus castaneus,1,44,359,734,9368,2432584,5218538,FALSE,Mammalia,NA,Lasiurus castaneus,111
10686174,"Dasypterus ega (Gervais, 1856)",Dasypterus ega,SPECIES,ACCEPTED,99,EXACT,Animalia,Chordata,Chiroptera,Vespertilionidae,Dasypterus,Dasypterus ega,1,44,359,734,9368,3239724,10686174,FALSE,Mammalia,NA,Dasypterus ega,112
11140075,"Dasypterus intermedius (H.Allen, 1862)",Dasypterus intermedius,SPECIES,ACCEPTED,99,EXACT,Animalia,Chordata,Chiroptera,Vespertilionidae,Dasypterus,Dasypterus intermedius,1,44,359,734,9368,3239724,11140075,FALSE,Mammalia,NA,Dasypterus intermedius,113
8193896,"Rhogeessa bickhami Baird, Marchán-Rivadeneira, Pérez & Baker, 2012",Rhogeessa bickhami,SPECIES,ACCEPTED,99,EXACT,Animalia,Chordata,Chiroptera,Vespertilionidae,Rhogeessa,Rhogeessa bickhami,1,44,359,734,9368,2432269,8193896,FALSE,Mammalia,NA,Rhogeessa bickhami,114
4266463,"Rhogeessa io Thomas, 1903",Rhogeessa io,SPECIES,ACCEPTED,99,EXACT,Animalia,Chordata,Chiroptera,Vespertilionidae,Rhogeessa,Rhogeessa io,1,44,359,734,9368,2432269,4266463,FALSE,Mammalia,NA,Rhogeessa io,115
2432424,"Myotis albescens (E.Geoffroy, 1806)",Myotis albescens,SPECIES,ACCEPTED,99,EXACT,Animalia,Chordata,Chiroptera,Vespertilionidae,Myotis,Myotis albescens,1,44,359,734,9368,2432384,2432424,FALSE,Mammalia,NA,Myotis albescens,116
2432396,"Myotis elegans Hall, 1962",Myotis elegans,SPECIES,ACCEPTED,98,EXACT,Animalia,Chordata,Chiroptera,Vespertilionidae,Myotis,Myotis elegans,1,44,359,734,9368,2432384,2432396,FALSE,Mammalia,NA,Myotis elegans,117
11120304,"Myotis pilosatibialis LaVal, 1973",Myotis pilosatibialis,SPECIES,ACCEPTED,99,EXACT,Animalia,Chordata,Chiroptera,Vespertilionidae,Myotis,Myotis pilosatibialis,1,44,359,734,9368,2432384,11120304,FALSE,Mammalia,NA,Myotis pilosatibialis,118
2432448,"Myotis nigricans (Schinz, 1821)",Myotis nigricans,SPECIES,ACCEPTED,99,EXACT,Animalia,Chordata,Chiroptera,Vespertilionidae,Myotis,Myotis nigricans,1,44,359,734,9368,2432384,2432448,FALSE,Mammalia,NA,Myotis nigricans,119
2432422,"Myotis oxyotus (Peters, 1867)",Myotis oxyotus,SPECIES,ACCEPTED,99,EXACT,Animalia,Chordata,Chiroptera,Vespertilionidae,Myotis,Myotis oxyotus,1,44,359,734,9368,2432384,2432422,FALSE,Mammalia,NA,Myotis oxyotus,120
2432385,"Myotis riparius Handley, 1960",Myotis riparius,SPECIES,ACCEPTED,99,EXACT,Animalia,Chordata,Chiroptera,Vespertilionidae,Myotis,Myotis riparius,1,44,359,734,9368,2432384,2432385,FALSE,Mammalia,NA,Myotis riparius,121
4265862,"Bauerus dubiaquercus (Van Gelder, 1959)",Bauerus dubiaquercus,SPECIES,ACCEPTED,99,EXACT,Animalia,Chordata,Chiroptera,Vespertilionidae,Bauerus,Bauerus dubiaquercus,1,44,359,734,9368,4265861,4265862,FALSE,Mammalia,NA,Bauerus dubiaquercus,122
4266504,"Cynomops mexicanus (Jones & Genoways, 1967)",Cynomops mexicanus,SPECIES,ACCEPTED,99,EXACT,Animalia,Chordata,Chiroptera,Molossidae,Cynomops,Cynomops mexicanus,1,44,359,734,5719,4266503,4266504,FALSE,Mammalia,NA,Cynomops mexicanus,123
2432990,"Eumops auripendulus (Shaw, 1800)",Eumops auripendulus,SPECIES,ACCEPTED,99,EXACT,Animalia,Chordata,Chiroptera,Molossidae,Eumops,Eumops auripendulus,1,44,359,734,5719,2432988,2432990,FALSE,Mammalia,NA,Eumops auripendulus,124
2432991,"Eumops glaucinus (Wagner, 1843)",Eumops glaucinus,SPECIES,ACCEPTED,99,EXACT,Animalia,Chordata,Chiroptera,Molossidae,Eumops,Eumops glaucinus,1,44,359,734,5719,2432988,2432991,FALSE,Mammalia,NA,Eumops glaucinus,125
2432995,"Eumops hansae Sanborn, 1932",Eumops hansae,SPECIES,ACCEPTED,99,EXACT,Animalia,Chordata,Chiroptera,Molossidae,Eumops,Eumops hansae,1,44,359,734,5719,2432988,2432995,FALSE,Mammalia,NA,Eumops hansae,126
8033239,"Eumops nanus (Miller, 1900)",Eumops nanus,SPECIES,ACCEPTED,99,EXACT,Animalia,Chordata,Chiroptera,Molossidae,Eumops,Eumops nanus,1,44,359,734,5719,2432988,8033239,FALSE,Mammalia,NA,Eumops nanus,127
2432994,"Eumops underwoodi Goodwin, 1940",Eumops underwoodi,SPECIES,ACCEPTED,99,EXACT,Animalia,Chordata,Chiroptera,Molossidae,Eumops,Eumops underwoodi,1,44,359,734,5719,2432988,2432994,FALSE,Mammalia,NA,Eumops underwoodi,128
5218726,"Molossus bondae J.A.Allen, 1904",Molossus bondae,SPECIES,ACCEPTED,99,EXACT,Animalia,Chordata,Chiroptera,Molossidae,Molossus,Molossus bondae,1,44,359,734,5719,2433042,5218726,FALSE,Mammalia,NA,Molossus bondae,129
5707250,"Molossus coibensis J.A.Allen, 1904",Molossus coibensis,SPECIES,ACCEPTED,99,EXACT,Animalia,Chordata,Chiroptera,Molossidae,Molossus,Molossus coibensis,1,44,359,734,5719,2433042,5707250,FALSE,Mammalia,NA,Molossus coibensis,130
5218725,"Molossus molossus (Pallas, 1766)",Molossus molossus,SPECIES,ACCEPTED,99,EXACT,Animalia,Chordata,Chiroptera,Molossidae,Molossus,Molossus molossus,1,44,359,734,5719,2433042,5218725,FALSE,Mammalia,NA,Molossus molossus,131
5218724,"Molossus pretiosus Miller, 1902",Molossus pretiosus,SPECIES,ACCEPTED,99,EXACT,Animalia,Chordata,Chiroptera,Molossidae,Molossus,Molossus pretiosus,1,44,359,734,5719,2433042,5218724,FALSE,Mammalia,NA,Molossus pretiosus,132
5707248,"Molossus rufus E.Geoffroy, 1805",Molossus rufus,SPECIES,ACCEPTED,99,EXACT,Animalia,Chordata,Chiroptera,Molossidae,Molossus,Molossus rufus,1,44,359,734,5719,2433042,5707248,FALSE,Mammalia,NA,Molossus rufus,133
5218727,"Molossus sinaloae J.A.Allen, 1906",Molossus sinaloae,SPECIES,ACCEPTED,99,EXACT,Animalia,Chordata,Chiroptera,Molossidae,Molossus,Molossus sinaloae,1,44,359,734,5719,2433042,5218727,FALSE,Mammalia,NA,Molossus sinaloae,134
2433025,"Promops centralis Thomas, 1915",Promops centralis,SPECIES,ACCEPTED,99,EXACT,Animalia,Chordata,Chiroptera,Molossidae,Promops,Promops centralis,1,44,359,734,5719,2433023,2433025,FALSE,Mammalia,NA,Promops centralis,135
2433011,"Tadarida brasiliensis (I.Geoffroy, 1824)",Tadarida brasiliensis,SPECIES,ACCEPTED,99,EXACT,Animalia,Chordata,Chiroptera,Molossidae,Tadarida,Tadarida brasiliensis,1,44,359,734,5719,2433008,2433011,FALSE,Mammalia,NA,Tadarida brasiliensis,136
2433063,"Nyctinomops laticaudatus (E.Geoffroy, 1805)",Nyctinomops laticaudatus,SPECIES,ACCEPTED,99,EXACT,Animalia,Chordata,Chiroptera,Molossidae,Nyctinomops,Nyctinomops laticaudatus,1,44,359,734,5719,2433060,2433063,FALSE,Mammalia,NA,Nyctinomops laticaudatus,137
8028197,"Cebus imitator Thomas, 1903",Cebus imitator,SPECIES,ACCEPTED,99,EXACT,Animalia,Chordata,Primates,Cebidae,Cebus,Cebus imitator,1,44,359,798,9621,2436635,8028197,FALSE,Mammalia,NA,Cebus imitator,138
2436664,"Saimiri oerstedii (Reinhardt, 1872)",Saimiri oerstedii,SPECIES,ACCEPTED,99,EXACT,Animalia,Chordata,Primates,Cebidae,Saimiri,Saimiri oerstedii,1,44,359,798,9621,2436659,2436664,FALSE,Mammalia,NA,Saimiri oerstedii,139
2436643,"Ateles geoffroyi Kuhl, 1820",Ateles geoffroyi,SPECIES,ACCEPTED,99,EXACT,Animalia,Chordata,Primates,Atelidae,Ateles,Ateles geoffroyi,1,44,359,798,3239607,2436640,2436643,FALSE,Mammalia,NA,Ateles geoffroyi,140
2436649,"Alouatta palliata (Gray, 1849)",Alouatta palliata,SPECIES,ACCEPTED,99,EXACT,Animalia,Chordata,Primates,Atelidae,Alouatta,Alouatta palliata,1,44,359,798,3239607,2436647,2436649,FALSE,Mammalia,NA,Alouatta palliata,141
2437363,"Microsciurus alfari (J.A.Allen, 1895)",Microsciurus alfari,SPECIES,ACCEPTED,99,EXACT,Animalia,Chordata,Rodentia,Sciuridae,Microsciurus,Microsciurus alfari,1,44,359,1459,9456,2437359,2437363,FALSE,Mammalia,NA,Microsciurus alfari,142
5219680,"Sciurus deppei Peters, 1863",Sciurus deppei,SPECIES,ACCEPTED,99,EXACT,Animalia,Chordata,Rodentia,Sciuridae,Sciurus,Sciurus deppei,1,44,359,1459,9456,2437489,5219680,FALSE,Mammalia,NA,Sciurus deppei,143
5219666,"Sciurus granatensis Humboldt, 1811",Sciurus granatensis,SPECIES,ACCEPTED,99,EXACT,Animalia,Chordata,Rodentia,Sciuridae,Sciurus,Sciurus granatensis,1,44,359,1459,9456,2437489,5219666,FALSE,Mammalia,NA,Sciurus granatensis,144
5219677,"Sciurus variegatoides Ogilby, 1839",Sciurus variegatoides,SPECIES,ACCEPTED,99,EXACT,Animalia,Chordata,Rodentia,Sciuridae,Sciurus,Sciurus variegatoides,1,44,359,1459,9456,2437489,5219677,FALSE,Mammalia,NA,Sciurus variegatoides,145
2437452,"Syntheosciurus brochus Bangs, 1902",Syntheosciurus brochus,SPECIES,ACCEPTED,99,EXACT,Animalia,Chordata,Rodentia,Sciuridae,Syntheosciurus,Syntheosciurus brochus,1,44,359,1459,9456,2437451,2437452,FALSE,Mammalia,NA,Syntheosciurus brochus,146
11972135,"Heterogeomys cavator (Bangs, 1902)",Heterogeomys cavator,SPECIES,SYNONYM,98,EXACT,Animalia,Chordata,Rodentia,Geomyidae,Orthogeomys,Orthogeomys cavator,1,44,359,1459,9437,2439401,2439408,TRUE,Mammalia,2439408,Heterogeomys cavator,147
10911555,"Heterogeomys cherriei J.A.Allen, 1893",Heterogeomys cherriei,SPECIES,SYNONYM,98,EXACT,Animalia,Chordata,Rodentia,Geomyidae,Orthogeomys,Orthogeomys cherriei,1,44,359,1459,9437,2439401,2439403,TRUE,Mammalia,2439403,Heterogeomys cherriei,148
12114717,"Heterogeomys heterodus (Peters, 1865)",Heterogeomys heterodus,SPECIES,SYNONYM,98,EXACT,Animalia,Chordata,Rodentia,Geomyidae,Orthogeomys,Orthogeomys heterodus,1,44,359,1459,9437,2439401,2439411,TRUE,Mammalia,2439411,Heterogeomys heterodus,149
12153694,"Heterogeomys underwoodi Osgood, 1931",Heterogeomys underwoodi,SPECIES,SYNONYM,98,EXACT,Animalia,Chordata,Rodentia,Geomyidae,Orthogeomys,Orthogeomys underwoodi,1,44,359,1459,9437,2439401,2439404,TRUE,Mammalia,2439404,Heterogeomys underwoodi,150
2439574,"Heteromys desmarestianus Gray, 1868",Heteromys desmarestianus,SPECIES,ACCEPTED,99,EXACT,Animalia,Chordata,Rodentia,Heteromyidae,Heteromys,Heteromys desmarestianus,1,44,359,1459,5504,2439567,2439574,FALSE,Mammalia,NA,Heteromys desmarestianus,151
7597378,"Heteromys nubicolens Anderson, 2006",Heteromys nubicolens,SPECIES,ACCEPTED,99,EXACT,Animalia,Chordata,Rodentia,Heteromyidae,Heteromys,Heteromys nubicolens,1,44,359,1459,5504,2439567,7597378,FALSE,Mammalia,NA,Heteromys nubicolens,152
2439571,"Heteromys oresterus Harris, 1932",Heteromys oresterus,SPECIES,ACCEPTED,99,EXACT,Animalia,Chordata,Rodentia,Heteromyidae,Heteromys,Heteromys oresterus,1,44,359,1459,5504,2439567,2439571,FALSE,Mammalia,NA,Heteromys oresterus,153
9567667,"Heteromys salvini (Thomas, 1893)",Heteromys salvini,SPECIES,SYNONYM,98,EXACT,Animalia,Chordata,Rodentia,Heteromyidae,Liomys,Liomys salvini,1,44,359,1459,5504,2439503,2439506,TRUE,Mammalia,2439506,Heteromys salvini,154
2439348,"Rheomys raptor Goldman, 1912",Rheomys raptor,SPECIES,ACCEPTED,99,EXACT,Animalia,Chordata,Rodentia,Cricetidae,Rheomys,Rheomys raptor,1,44,359,1459,3240723,2439345,2439348,FALSE,Mammalia,NA,Rheomys raptor,155
2439347,"Rheomys underwoodi Thomas, 1906",Rheomys underwoodi,SPECIES,ACCEPTED,99,EXACT,Animalia,Chordata,Rodentia,Cricetidae,Rheomys,Rheomys underwoodi,1,44,359,1459,3240723,2439345,2439347,FALSE,Mammalia,NA,Rheomys underwoodi,156
2437713,"Ichthyomys tweedii Anthony, 1921",Ichthyomys tweedii,SPECIES,ACCEPTED,96,FUZZY,Animalia,Chordata,Rodentia,Cricetidae,Ichthyomys,Ichthyomys tweedii,1,44,359,1459,3240723,2437712,2437713,FALSE,Mammalia,NA,Ichthyomys twedii,157
4265122,"Sigmodon hirsutus (Burmeister, 1854)",Sigmodon hirsutus,SPECIES,ACCEPTED,99,EXACT,Animalia,Chordata,Rodentia,Cricetidae,Sigmodon,Sigmodon hirsutus,1,44,359,1459,3240723,2438146,4265122,FALSE,Mammalia,NA,Sigmodon hirsutus,158
5786937,"Handleyomys alfaroi (J.A.Allen, 1891)",Handleyomys alfaroi,SPECIES,SYNONYM,98,EXACT,Animalia,Chordata,Rodentia,Cricetidae,Oryzomys,Oryzomys alfaroi,1,44,359,1459,3240723,2438064,2438073,TRUE,Mammalia,2438073,Handleyomys alfaroi,159
10868104,"Melanomys chrysomelas (Goldman, 1918)",Melanomys chrysomelas,SPECIES,ACCEPTED,97,EXACT,Animalia,Chordata,Rodentia,Cricetidae,Melanomys,Melanomys chrysomelas,1,44,359,1459,3240723,5219849,10868104,FALSE,Mammalia,NA,Melanomys chrysomelas,160
5786915,"Nephelomys devius (Bangs, 1902)",Nephelomys devius,SPECIES,ACCEPTED,99,EXACT,Animalia,Chordata,Rodentia,Cricetidae,Nephelomys,Nephelomys devius,1,44,359,1459,3240723,4828952,5786915,FALSE,Mammalia,NA,Nephelomys devius,161
2439310,"Oecomys trinitatis (J.A.Allen & Chapman, 1893)",Oecomys trinitatis,SPECIES,ACCEPTED,99,EXACT,Animalia,Chordata,Rodentia,Cricetidae,Oecomys,Oecomys trinitatis,1,44,359,1459,3240723,2439306,2439310,FALSE,Mammalia,NA,Oecomys trinitatis,162
12042398,"Oligoryzomys costaricensis (J.A.Allen, 1893)",Oligoryzomys costaricensis,SPECIES,SYNONYM,98,EXACT,Animalia,Chordata,Rodentia,Cricetidae,Oligoryzomys,Oligoryzomys fulvescens,1,44,359,1459,3240723,2438270,2438276,TRUE,Mammalia,2438276,Oligoryzomys costaricensis,163
2438278,"Oligoryzomys vegetus (Bangs, 1902)",Oligoryzomys vegetus,SPECIES,ACCEPTED,99,EXACT,Animalia,Chordata,Rodentia,Cricetidae,Oligoryzomys,Oligoryzomys vegetus,1,44,359,1459,3240723,2438270,2438278,FALSE,Mammalia,NA,Oligoryzomys vegetus,164
2438070,"Oryzomys couesi (Alston, 1877)",Oryzomys couesi,SPECIES,ACCEPTED,99,EXACT,Animalia,Chordata,Rodentia,Cricetidae,Oryzomys,Oryzomys couesi,1,44,359,1459,3240723,2438064,2438070,FALSE,Mammalia,NA,Oryzomys couesi,165
2439118,"Sigmodontomys alfari J.A.Allen, 1897",Sigmodontomys alfari,SPECIES,ACCEPTED,99,EXACT,Animalia,Chordata,Rodentia,Cricetidae,Sigmodontomys,Sigmodontomys alfari,1,44,359,1459,3240723,2439116,2439118,FALSE,Mammalia,NA,Sigmodontomys alfari,166
10878900,"Tanyuromys aphrastus Harris, 1932",Tanyuromys aphrastus,SPECIES,ACCEPTED,99,EXACT,Animalia,Chordata,Rodentia,Cricetidae,Tanyuromys,Tanyuromys aphrastus,1,44,359,1459,3240723,9450564,10878900,FALSE,Mammalia,NA,Tanyuromys aphrastus,167
5786980,"Transandinomys bolivaris (J.A.Allen, 1901)",Transandinomys bolivaris,SPECIES,ACCEPTED,99,EXACT,Animalia,Chordata,Rodentia,Cricetidae,Transandinomys,Transandinomys bolivaris,1,44,359,1459,3240723,4828868,5786980,FALSE,Mammalia,NA,Transandinomys bolivaris,168
5786979,"Transandinomys talamancae (J.A.Allen, 1891)",Transandinomys talamancae,SPECIES,ACCEPTED,99,EXACT,Animalia,Chordata,Rodentia,Cricetidae,Transandinomys,Transandinomys talamancae,1,44,359,1459,3240723,4828868,5786979,FALSE,Mammalia,NA,Transandinomys talamancae,169
2439344,"Zygodontomys brevicauda (J.A.Allen & Chapman, 1893)",Zygodontomys brevicauda,SPECIES,ACCEPTED,99,EXACT,Animalia,Chordata,Rodentia,Cricetidae,Zygodontomys,Zygodontomys brevicauda,1,44,359,1459,3240723,2439342,2439344,FALSE,Mammalia,NA,Zygodontomys brevicauda,170
2438370,"Nyctomys sumichrasti (Saussure, 1860)",Nyctomys sumichrasti,SPECIES,ACCEPTED,99,EXACT,Animalia,Chordata,Rodentia,Cricetidae,Nyctomys,Nyctomys sumichrasti,1,44,359,1459,3240723,2438369,2438370,FALSE,Mammalia,NA,Nyctomys sumichrasti,171
2439155,"Ototylomys phyllotis Merriam, 1901",Ototylomys phyllotis,SPECIES,ACCEPTED,99,EXACT,Animalia,Chordata,Rodentia,Cricetidae,Ototylomys,Ototylomys phyllotis,1,44,359,1459,3240723,2439154,2439155,FALSE,Mammalia,NA,Ototylomys phyllotis,172
2438535,"Tylomys watsoni Thomas, 1899",Tylomys watsoni,SPECIES,ACCEPTED,99,EXACT,Animalia,Chordata,Rodentia,Cricetidae,Tylomys,Tylomys watsoni,1,44,359,1459,3240723,2438533,2438535,FALSE,Mammalia,NA,Tylomys watsoni,173
2439158,"Scotinomys teguina (Alston, 1877)",Scotinomys teguina,SPECIES,ACCEPTED,99,EXACT,Animalia,Chordata,Rodentia,Cricetidae,Scotinomys,Scotinomys teguina,1,44,359,1459,3240723,2439156,2439158,FALSE,Mammalia,NA,Scotinomys teguina,174
2439157,"Scotinomys xerampelinus (Bangs, 1902)",Scotinomys xerampelinus,SPECIES,ACCEPTED,99,EXACT,Animalia,Chordata,Rodentia,Cricetidae,Scotinomys,Scotinomys xerampelinus,1,44,359,1459,3240723,2439156,2439157,FALSE,Mammalia,NA,Scotinomys xerampelinus,175
9113505,"Peromyscus nudipes J.A.Allen, 1891",Peromyscus nudipes,SPECIES,ACCEPTED,99,EXACT,Animalia,Chordata,Rodentia,Cricetidae,Peromyscus,Peromyscus nudipes,1,44,359,1459,3240723,2437961,9113505,FALSE,Mammalia,NA,Peromyscus nudipes,176
8167145,"Peromyscus nicaraguae J.A.Allen, 1908",Peromyscus nicaraguae,SPECIES,SYNONYM,98,EXACT,Animalia,Chordata,Rodentia,Cricetidae,Peromyscus,Peromyscus mexicanus,1,44,359,1459,3240723,2437961,2438034,TRUE,Mammalia,2438034,Peromyscus nicaraguae,177
2437868,"Reithrodontomys brevirostris Goodwin, 1943",Reithrodontomys brevirostris,SPECIES,ACCEPTED,99,EXACT,Animalia,Chordata,Rodentia,Cricetidae,Reithrodontomys,Reithrodontomys brevirostris,1,44,359,1459,3240723,2437854,2437868,FALSE,Mammalia,NA,Reithrodontomys brevirostris,178
2437859,"Reithrodontomys creper Bangs, 1902",Reithrodontomys creper,SPECIES,ACCEPTED,99,EXACT,Animalia,Chordata,Rodentia,Cricetidae,Reithrodontomys,Reithrodontomys creper,1,44,359,1459,3240723,2437854,2437859,FALSE,Mammalia,NA,Reithrodontomys creper,179
2437855,"Reithrodontomys gracilis J.A.Allen & Chapman, 1897",Reithrodontomys gracilis,SPECIES,ACCEPTED,99,EXACT,Animalia,Chordata,Rodentia,Cricetidae,Reithrodontomys,Reithrodontomys gracilis,1,44,359,1459,3240723,2437854,2437855,FALSE,Mammalia,NA,Reithrodontomys gracilis,180
12149424,"Reithrodontomys cherrii (J.A.Allen, 1891)",Reithrodontomys cherrii,SPECIES,SYNONYM,98,EXACT,Animalia,Chordata,Rodentia,Cricetidae,Reithrodontomys,Reithrodontomys mexicanus,1,44,359,1459,3240723,2437854,2437871,TRUE,Mammalia,2437871,Reithrodontomys cherrii,181
11577247,"Reithrodontomys garichensis (Enders & Pearson, 1940)",Reithrodontomys garichensis,SPECIES,ACCEPTED,99,EXACT,Animalia,Chordata,Rodentia,Cricetidae,Reithrodontomys,Reithrodontomys garichensis,1,44,359,1459,3240723,2437854,11577247,FALSE,Mammalia,NA,Reithrodontomys garichensis,182
7394396,"Reithrodontomys musseri Gardner & Carleton, 2009",Reithrodontomys musseri,SPECIES,ACCEPTED,99,EXACT,Animalia,Chordata,Rodentia,Cricetidae,Reithrodontomys,Reithrodontomys musseri,1,44,359,1459,3240723,2437854,7394396,FALSE,Mammalia,NA,Reithrodontomys musseri,183
2437861,"Reithrodontomys paradoxus Jones & Genoways, 1970",Reithrodontomys paradoxus,SPECIES,ACCEPTED,99,EXACT,Animalia,Chordata,Rodentia,Cricetidae,Reithrodontomys,Reithrodontomys paradoxus,1,44,359,1459,3240723,2437854,2437861,FALSE,Mammalia,NA,Reithrodontomys paradoxus,184
2437857,"Reithrodontomys rodriguezi Goodwin, 1943",Reithrodontomys rodriguezi,SPECIES,ACCEPTED,99,EXACT,Animalia,Chordata,Rodentia,Cricetidae,Reithrodontomys,Reithrodontomys rodriguezi,1,44,359,1459,3240723,2437854,2437857,FALSE,Mammalia,NA,Reithrodontomys rodriguezi,185
2437872,"Reithrodontomys sumichrasti (Saussure, 1861)",Reithrodontomys sumichrasti,SPECIES,ACCEPTED,99,EXACT,Animalia,Chordata,Rodentia,Cricetidae,Reithrodontomys,Reithrodontomys sumichrasti,1,44,359,1459,3240723,2437854,2437872,FALSE,Mammalia,NA,Reithrodontomys sumichrasti,186
2437603,"Sphiggurus mexicanus (Kerr, 1792)",Sphiggurus mexicanus,SPECIES,ACCEPTED,99,EXACT,Animalia,Chordata,Rodentia,Erethizontidae,Sphiggurus,Sphiggurus mexicanus,1,44,359,1459,5498,2437602,2437603,FALSE,Mammalia,NA,Sphiggurus mexicanus,187
2437576,"Dasyprocta punctata Gray, 1842",Dasyprocta punctata,SPECIES,ACCEPTED,99,EXACT,Animalia,Chordata,Rodentia,Dasyproctidae,Dasyprocta,Dasyprocta punctata,1,44,359,1459,3240680,2437573,2437576,FALSE,Mammalia,NA,Dasyprocta punctata,188
4263039,"Cuniculus paca (Linnaeus, 1766)",Cuniculus paca,SPECIES,ACCEPTED,99,EXACT,Animalia,Chordata,Rodentia,Cuniculidae,Cuniculus,Cuniculus paca,1,44,359,1459,3240591,3240592,4263039,FALSE,Mammalia,NA,Cuniculus paca,189
2439757,"Hoplomys gymnurus (Thomas, 1897)",Hoplomys gymnurus,SPECIES,ACCEPTED,99,EXACT,Animalia,Chordata,Rodentia,Echimyidae,Hoplomys,Hoplomys gymnurus,1,44,359,1459,9436,2439756,2439757,FALSE,Mammalia,NA,Hoplomys gymnurus,190
2439789,"Proechimys semispinosus (Tomes, 1860)",Proechimys semispinosus,SPECIES,ACCEPTED,99,EXACT,Animalia,Chordata,Rodentia,Echimyidae,Proechimys,Proechimys semispinosus,1,44,359,1459,9436,8060485,2439789,FALSE,Mammalia,NA,Proechimys semispinosus,191
2439803,"Diplomys labilis (Bangs, 1901)",Diplomys labilis,SPECIES,ACCEPTED,99,EXACT,Animalia,Chordata,Rodentia,Echimyidae,Diplomys,Diplomys labilis,1,44,359,1459,9436,2439801,2439803,FALSE,Mammalia,NA,Diplomys labilis,192
2436906,"Sylvilagus dicei Harris, 1932",Sylvilagus dicei,SPECIES,ACCEPTED,99,EXACT,Animalia,Chordata,Lagomorpha,Leporidae,Sylvilagus,Sylvilagus dicei,1,44,359,785,9379,2436839,2436906,FALSE,Mammalia,NA,Sylvilagus dicei,193
2436886,"Sylvilagus floridanus (J.A.Allen, 1890)",Sylvilagus floridanus,SPECIES,ACCEPTED,99,EXACT,Animalia,Chordata,Lagomorpha,Leporidae,Sylvilagus,Sylvilagus floridanus,1,44,359,785,9379,2436839,2436886,FALSE,Mammalia,NA,Sylvilagus floridanus,194
8450537,"Sylvilagus gabbi (J.A.Allen, 1877)",Sylvilagus gabbi,SPECIES,ACCEPTED,96,FUZZY,Animalia,Chordata,Lagomorpha,Leporidae,Sylvilagus,Sylvilagus gabbi,1,44,359,785,9379,2436839,8450537,FALSE,Mammalia,NA,Sylvilagus gabbii,195
5219426,"Panthera onca (Linnaeus, 1758)",Panthera onca,SPECIES,ACCEPTED,99,EXACT,Animalia,Chordata,Carnivora,Felidae,Panthera,Panthera onca,1,44,359,732,9703,2435194,5219426,FALSE,Mammalia,NA,Panthera onca,196
2434982,"Leopardus pardalis (Linnaeus, 1758)",Leopardus pardalis,SPECIES,ACCEPTED,99,EXACT,Animalia,Chordata,Carnivora,Felidae,Leopardus,Leopardus pardalis,1,44,359,732,9703,2434918,2434982,FALSE,Mammalia,NA,Leopardus pardalis,197
2434930,"Leopardus tigrinus (Schreber, 1775)",Leopardus tigrinus,SPECIES,ACCEPTED,99,EXACT,Animalia,Chordata,Carnivora,Felidae,Leopardus,Leopardus tigrinus,1,44,359,732,9703,2434918,2434930,FALSE,Mammalia,NA,Leopardus tigrinus,198
2434950,"Leopardus wiedii (Schinz, 1821)",Leopardus wiedii,SPECIES,ACCEPTED,99,EXACT,Animalia,Chordata,Carnivora,Felidae,Leopardus,Leopardus wiedii,1,44,359,732,9703,2434918,2434950,FALSE,Mammalia,NA,Leopardus wiedii,199
2435099,"Puma concolor (Linnaeus, 1771)",Puma concolor,SPECIES,ACCEPTED,99,EXACT,Animalia,Chordata,Carnivora,Felidae,Puma,Puma concolor,1,44,359,732,9703,2435098,2435099,FALSE,Mammalia,NA,Puma concolor,200
2435146,"Puma yagouaroundi (É.Geoffroy Saint-Hilaire, 1803)",Puma yagouaroundi,SPECIES,ACCEPTED,99,EXACT,Animalia,Chordata,Carnivora,Felidae,Puma,Puma yagouaroundi,1,44,359,732,9703,2435098,2435146,FALSE,Mammalia,NA,Puma yagouaroundi,201
5219153,"Canis latrans Say, 1823",Canis latrans,SPECIES,ACCEPTED,99,EXACT,Animalia,Chordata,Carnivora,Canidae,Canis,Canis latrans,1,44,359,732,9701,5219142,5219153,FALSE,Mammalia,NA,Canis latrans,202
2434566,"Urocyon cinereoargenteus (Schreber, 1775)",Urocyon cinereoargenteus,SPECIES,ACCEPTED,99,EXACT,Animalia,Chordata,Carnivora,Canidae,Urocyon,Urocyon cinereoargenteus,1,44,359,732,9701,2434558,2434566,FALSE,Mammalia,NA,Urocyon cinereoargenteus,203
2434444,"Speothos venaticus (Lund, 1842)",Speothos venaticus,SPECIES,ACCEPTED,99,EXACT,Animalia,Chordata,Carnivora,Canidae,Speothos,Speothos venaticus,1,44,359,732,9701,2434443,2434444,FALSE,Mammalia,NA,Speothos venaticus,204
2433585,"Bassaricyon gabbii J.A.Allen, 1876",Bassaricyon gabbii,SPECIES,ACCEPTED,99,EXACT,Animalia,Chordata,Carnivora,Procyonidae,Bassaricyon,Bassaricyon gabbii,1,44,359,732,5311,2433581,2433585,FALSE,Mammalia,NA,Bassaricyon gabbii,205
2433551,"Bassariscus sumichrasti (Saussure, 1860)",Bassariscus sumichrasti,SPECIES,ACCEPTED,99,EXACT,Animalia,Chordata,Carnivora,Procyonidae,Bassariscus,Bassariscus sumichrasti,1,44,359,732,5311,2433550,2433551,FALSE,Mammalia,NA,Bassariscus sumichrasti,206
2433531,"Nasua narica (Linnaeus, 1766)",Nasua narica,SPECIES,ACCEPTED,99,EXACT,Animalia,Chordata,Carnivora,Procyonidae,Nasua,Nasua narica,1,44,359,732,5311,2433530,2433531,FALSE,Mammalia,NA,Nasua narica,207
2433573,"Potos flavus (Schreber, 1774)",Potos flavus,SPECIES,ACCEPTED,99,EXACT,Animalia,Chordata,Carnivora,Procyonidae,Potos,Potos flavus,1,44,359,732,5311,2433572,2433573,FALSE,Mammalia,NA,Potos flavus,208
9518324,Procyon cancrivorus G,Procyon cancrivorus,SPECIES,ACCEPTED,99,EXACT,Animalia,Chordata,Carnivora,Procyonidae,Procyon,Procyon cancrivorus,1,44,359,732,5311,2433592,9518324,FALSE,Mammalia,NA,Procyon cancrivorus,209
5218786,"Procyon lotor (Linnaeus, 1758)",Procyon lotor,SPECIES,ACCEPTED,99,EXACT,Animalia,Chordata,Carnivora,Procyonidae,Procyon,Procyon lotor,1,44,359,732,5311,2433592,5218786,FALSE,Mammalia,NA,Procyon lotor,210
2434883,"Conepatus semistriatus (Boddaert, 1785)",Conepatus semistriatus,SPECIES,ACCEPTED,99,EXACT,Animalia,Chordata,Carnivora,Mephitidae,Conepatus,Conepatus semistriatus,1,44,359,732,9679,2434869,2434883,FALSE,Mammalia,NA,Conepatus semistriatus,211
5219394,"Mephitis macroura Lichtenstein, 1832",Mephitis macroura,SPECIES,ACCEPTED,99,EXACT,Animalia,Chordata,Carnivora,Mephitidae,Mephitis,Mephitis macroura,1,44,359,732,9679,5219379,5219394,FALSE,Mammalia,NA,Mephitis macroura,212
2434825,"Spilogale angustifrons Howell, 1902",Spilogale angustifrons,SPECIES,ACCEPTED,99,EXACT,Animalia,Chordata,Carnivora,Mephitidae,Spilogale,Spilogale angustifrons,1,44,359,732,9679,2434820,2434825,FALSE,Mammalia,NA,Spilogale angustifrons,213
2433716,"Eira barbara (Linnaeus, 1758)",Eira barbara,SPECIES,ACCEPTED,99,EXACT,Animalia,Chordata,Carnivora,Mustelidae,Eira,Eira barbara,1,44,359,732,5307,2433715,2433716,FALSE,Mammalia,NA,Eira barbara,214
5218906,"Galictis vittata (Schreber, 1776)",Galictis vittata,SPECIES,ACCEPTED,99,EXACT,Animalia,Chordata,Carnivora,Mustelidae,Galictis,Galictis vittata,1,44,359,732,5307,5218900,5218906,FALSE,Mammalia,NA,Galictis vittata,215
2433738,"Lontra longicaudis (Olfers, 1818)",Lontra longicaudis,SPECIES,ACCEPTED,99,EXACT,Animalia,Chordata,Carnivora,Mustelidae,Lontra,Lontra longicaudis,1,44,359,732,5307,2433726,2433738,FALSE,Mammalia,NA,Lontra longicaudis,216
5218919,"Mustela frenata Lichtenstein, 1831",Mustela frenata,SPECIES,ACCEPTED,99,EXACT,Animalia,Chordata,Carnivora,Mustelidae,Mustela,Mustela frenata,1,44,359,732,5307,2433922,5218919,FALSE,Mammalia,NA,Mustela frenata,217
2433473,"Arctocephalus galapagoensis Heller, 1904",Arctocephalus galapagoensis,SPECIES,ACCEPTED,99,EXACT,Animalia,Chordata,Carnivora,Otariidae,Arctocephalus,Arctocephalus galapagoensis,1,44,359,732,5309,2433469,2433473,FALSE,Mammalia,NA,Arctocephalus galapagoensis,218
2433458,"Zalophus californianus (Lesson, 1828)",Zalophus californianus,SPECIES,ACCEPTED,99,EXACT,Animalia,Chordata,Carnivora,Otariidae,Zalophus,Zalophus californianus,1,44,359,732,5309,2433457,2433458,FALSE,Mammalia,NA,Zalophus californianus,219
2433460,"Zalophus wollebaeki Sivertsen, 1953",Zalophus wollebaeki,SPECIES,ACCEPTED,99,EXACT,Animalia,Chordata,Carnivora,Otariidae,Zalophus,Zalophus wollebaeki,1,44,359,732,5309,2433457,2433460,FALSE,Mammalia,NA,Zalophus wollebaeki,220
2435296,"Trichechus manatus Linnaeus, 1758",Trichechus manatus,SPECIES,ACCEPTED,99,EXACT,Animalia,Chordata,Sirenia,Trichechidae,Trichechus,Trichechus manatus,1,44,359,802,9463,2435291,2435296,FALSE,Mammalia,NA,Trichechus manatus,221
2440897,"Tapirus bairdii (Gill, 1865)",Tapirus bairdii,SPECIES,SYNONYM,98,EXACT,Animalia,Chordata,Perissodactyla,Tapiridae,Tapirella,Tapirella bairdii,1,44,359,795,9416,7918610,8395500,TRUE,Mammalia,8395500,Tapirus bairdii,222
2440995,"Pecari tajacu (Linnaeus, 1758)",Pecari tajacu,SPECIES,ACCEPTED,99,EXACT,Animalia,Chordata,Artiodactyla,Tayassuidae,Pecari,Pecari tajacu,1,44,359,731,5303,2440994,2440995,FALSE,Mammalia,NA,Pecari tajacu,223
2440993,"Tayassu pecari (Link, 1795)",Tayassu pecari,SPECIES,ACCEPTED,99,EXACT,Animalia,Chordata,Artiodactyla,Tayassuidae,Tayassu,Tayassu pecari,1,44,359,731,5303,2440992,2440993,FALSE,Mammalia,NA,Tayassu pecari,224
7261373,"Mazama temama (Kerr, 1792)",Mazama temama,SPECIES,ACCEPTED,99,EXACT,Animalia,Chordata,Artiodactyla,Cervidae,Mazama,Mazama temama,1,44,359,731,5298,2440920,7261373,FALSE,Mammalia,NA,Mazama temama,225
2440965,"Odocoileus virginianus (Zimmermann, 1780)",Odocoileus virginianus,SPECIES,ACCEPTED,99,EXACT,Animalia,Chordata,Artiodactyla,Cervidae,Odocoileus,Odocoileus virginianus,1,44,359,731,5298,2440964,2440965,FALSE,Mammalia,NA,Odocoileus virginianus,226
8324617,"Delphinus delphis Linnaeus, 1758",Delphinus delphis,SPECIES,ACCEPTED,99,EXACT,Animalia,Chordata,Cetacea,Delphinidae,Delphinus,Delphinus delphis,1,44,359,733,5314,2440326,8324617,FALSE,Mammalia,NA,Delphinus delphis,227
2440530,"Feresa attenuata Gray, 1874",Feresa attenuata,SPECIES,ACCEPTED,99,EXACT,Animalia,Chordata,Cetacea,Delphinidae,Feresa,Feresa attenuata,1,44,359,733,5314,2440529,2440530,FALSE,Mammalia,NA,Feresa attenuata,228
2440605,"Globicephala macrorhynchus Gray, 1846",Globicephala macrorhynchus,SPECIES,ACCEPTED,99,EXACT,Animalia,Chordata,Cetacea,Delphinidae,Globicephala,Globicephala macrorhynchus,1,44,359,733,5314,2440595,2440605,FALSE,Mammalia,NA,Globicephala macrorhynchus,229
5220027,"Grampus griseus (G.Cuvier, 1812)",Grampus griseus,SPECIES,ACCEPTED,99,EXACT,Animalia,Chordata,Cetacea,Delphinidae,Grampus,Grampus griseus,1,44,359,733,5314,5220026,5220027,FALSE,Mammalia,NA,Grampus griseus,230
2440493,"Lagenodelphis hosei Fraser, 1956",Lagenodelphis hosei,SPECIES,ACCEPTED,99,EXACT,Animalia,Chordata,Cetacea,Delphinidae,Lagenodelphis,Lagenodelphis hosei,1,44,359,733,5314,2440492,2440493,FALSE,Mammalia,NA,Lagenodelphis hosei,231
2440483,"Orcinus orca (Linnaeus, 1758)",Orcinus orca,SPECIES,ACCEPTED,99,EXACT,Animalia,Chordata,Cetacea,Delphinidae,Orcinus,Orcinus orca,1,44,359,733,5314,2440482,2440483,FALSE,Mammalia,NA,Orcinus orca,232
2440470,"Peponocephala electra (Gray, 1846)",Peponocephala electra,SPECIES,ACCEPTED,99,EXACT,Animalia,Chordata,Cetacea,Delphinidae,Peponocephala,Peponocephala electra,1,44,359,733,5314,2440469,2440470,FALSE,Mammalia,NA,Peponocephala electra,233
2440440,"Pseudorca crassidens (Owen, 1846)",Pseudorca crassidens,SPECIES,ACCEPTED,99,EXACT,Animalia,Chordata,Cetacea,Delphinidae,Pseudorca,Pseudorca crassidens,1,44,359,733,5314,2440439,2440440,FALSE,Mammalia,NA,Pseudorca crassidens,234
2440542,"Sotalia guianensis (P.-J.van Bénéden, 1864)",Sotalia guianensis,SPECIES,ACCEPTED,99,EXACT,Animalia,Chordata,Cetacea,Delphinidae,Sotalia,Sotalia guianensis,1,44,359,733,5314,2440536,2440542,FALSE,Mammalia,NA,Sotalia guianensis,235
5220050,"Stenella attenuata (Gray, 1846)",Stenella attenuata,SPECIES,ACCEPTED,99,EXACT,Animalia,Chordata,Cetacea,Delphinidae,Stenella,Stenella attenuata,1,44,359,733,5314,2440546,5220050,FALSE,Mammalia,NA,Stenella attenuata,236
5220064,"Stenella clymene (Gray, 1850)",Stenella clymene,SPECIES,ACCEPTED,99,EXACT,Animalia,Chordata,Cetacea,Delphinidae,Stenella,Stenella clymene,1,44,359,733,5314,2440546,5220064,FALSE,Mammalia,NA,Stenella clymene,237
5220055,"Stenella coeruleoalba (Meyen, 1833)",Stenella coeruleoalba,SPECIES,ACCEPTED,99,EXACT,Animalia,Chordata,Cetacea,Delphinidae,Stenella,Stenella coeruleoalba,1,44,359,733,5314,2440546,5220055,FALSE,Mammalia,NA,Stenella coeruleoalba,238
5220045,"Stenella frontalis (G.Cuvier, 1829)",Stenella frontalis,SPECIES,ACCEPTED,99,EXACT,Animalia,Chordata,Cetacea,Delphinidae,Stenella,Stenella frontalis,1,44,359,733,5314,2440546,5220045,FALSE,Mammalia,NA,Stenella frontalis,239
5220060,"Stenella longirostris (Gray, 1828)",Stenella longirostris,SPECIES,ACCEPTED,99,EXACT,Animalia,Chordata,Cetacea,Delphinidae,Stenella,Stenella longirostris,1,44,359,733,5314,2440546,5220060,FALSE,Mammalia,NA,Stenella longirostris,240
2440433,"Steno bredanensis (G.Cuvier, 1828)",Steno bredanensis,SPECIES,ACCEPTED,98,EXACT,Animalia,Chordata,Cetacea,Delphinidae,Steno,Steno bredanensis,1,44,359,733,5314,2440432,2440433,FALSE,Mammalia,NA,Steno bredanensis,241
2440447,"Tursiops truncatus (Montagu, 1821)",Tursiops truncatus,SPECIES,ACCEPTED,97,EXACT,Animalia,Chordata,Cetacea,Delphinidae,Tursiops,Tursiops truncatus,1,44,359,733,5314,2440446,2440447,FALSE,Mammalia,NA,Tursiops truncatus,242
8123917,"Physeter macrocephalus Linnaeus, 1758",Physeter macrocephalus,SPECIES,ACCEPTED,99,EXACT,Animalia,Chordata,Cetacea,Physeteridae,Physeter,Physeter macrocephalus,1,44,359,733,5446,2440349,8123917,FALSE,Mammalia,NA,Physeter macrocephalus,243
2440694,"Kogia breviceps (Blainville, 1838)",Kogia breviceps,SPECIES,ACCEPTED,99,EXACT,Animalia,Chordata,Cetacea,Kogiidae,Kogia,Kogia breviceps,1,44,359,733,5317,2440690,2440694,FALSE,Mammalia,NA,Kogia breviceps,244
2440692,"Kogia simus (Owen, 1866)",Kogia simus,SPECIES,SYNONYM,98,EXACT,Animalia,Chordata,Cetacea,Kogiidae,Kogia,Kogia sima,1,44,359,733,5317,2440690,2440691,TRUE,Mammalia,2440691,Kogia simus,245
2440391,"Indopacetus pacificus (Longman, 1926)",Indopacetus pacificus,SPECIES,ACCEPTED,99,EXACT,Animalia,Chordata,Cetacea,Hyperoodontidae,Indopacetus,Indopacetus pacificus,1,44,359,733,5316,2440390,2440391,FALSE,Mammalia,NA,Indopacetus pacificus,246
2440403,"Mesoplodon densirostris (Blainville, 1817)",Mesoplodon densirostris,SPECIES,ACCEPTED,99,EXACT,Animalia,Chordata,Cetacea,Hyperoodontidae,Mesoplodon,Mesoplodon densirostris,1,44,359,733,5316,2440393,2440403,FALSE,Mammalia,NA,Mesoplodon densirostris,247
2440397,"Mesoplodon europaeus (Gervais, 1855)",Mesoplodon europaeus,SPECIES,ACCEPTED,99,EXACT,Animalia,Chordata,Cetacea,Hyperoodontidae,Mesoplodon,Mesoplodon europaeus,1,44,359,733,5316,2440393,2440397,FALSE,Mammalia,NA,Mesoplodon europaeus,248
2440410,"Mesoplodon ginkgodens Nishiwaki & Kamiya, 1958",Mesoplodon ginkgodens,SPECIES,ACCEPTED,97,EXACT,Animalia,Chordata,Cetacea,Hyperoodontidae,Mesoplodon,Mesoplodon ginkgodens,1,44,359,733,5316,2440393,2440410,FALSE,Mammalia,NA,Mesoplodon ginkgodens,249
2440406,"Mesoplodon peruvianus Reyes, Mead & Van Waerebeek, 1991",Mesoplodon peruvianus,SPECIES,ACCEPTED,99,EXACT,Animalia,Chordata,Cetacea,Hyperoodontidae,Mesoplodon,Mesoplodon peruvianus,1,44,359,733,5316,2440393,2440406,FALSE,Mammalia,NA,Mesoplodon peruvianus,250
2440369,"Ziphius cavirostris G.Cuvier, 1823",Ziphius cavirostris,SPECIES,ACCEPTED,98,EXACT,Animalia,Chordata,Cetacea,Hyperoodontidae,Ziphius,Ziphius cavirostris,1,44,359,733,5316,2440368,2440369,FALSE,Mammalia,NA,Ziphius cavirostris,251
2440728,"Balaenoptera acutorostrata Lacépède, 1804",Balaenoptera acutorostrata,SPECIES,ACCEPTED,99,EXACT,Animalia,Chordata,Cetacea,Balaenopteridae,Balaenoptera,Balaenoptera acutorostrata,1,44,359,733,5313,2440708,2440728,FALSE,Mammalia,NA,Balaenoptera acutorostrata,252
2440709,"Balaenoptera borealis Lesson, 1828",Balaenoptera borealis,SPECIES,ACCEPTED,99,EXACT,Animalia,Chordata,Cetacea,Balaenopteridae,Balaenoptera,Balaenoptera borealis,1,44,359,733,5313,2440708,2440709,FALSE,Mammalia,NA,Balaenoptera borealis,253
2440714,"Balaenoptera edeni Anderson, 1879",Balaenoptera edeni,SPECIES,ACCEPTED,99,EXACT,Animalia,Chordata,Cetacea,Balaenopteridae,Balaenoptera,Balaenoptera edeni,1,44,359,733,5313,2440708,2440714,FALSE,Mammalia,NA,Balaenoptera edeni,254
2440735,"Balaenoptera musculus (Linnaeus, 1758)",Balaenoptera musculus,SPECIES,ACCEPTED,99,EXACT,Animalia,Chordata,Cetacea,Balaenopteridae,Balaenoptera,Balaenoptera musculus,1,44,359,733,5313,2440708,2440735,FALSE,Mammalia,NA,Balaenoptera musculus,255
2440718,"Balaenoptera physalus (Linnaeus, 1758)",Balaenoptera physalus,SPECIES,ACCEPTED,99,EXACT,Animalia,Chordata,Cetacea,Balaenopteridae,Balaenoptera,Balaenoptera physalus,1,44,359,733,5313,2440708,2440718,FALSE,Mammalia,NA,Balaenoptera physalus,256
5220086,"Megaptera novaeangliae (Borowski, 1781)",Megaptera novaeangliae,SPECIES,ACCEPTED,97,EXACT,Animalia,Chordata,Cetacea,Balaenopteridae,Megaptera,Megaptera novaeangliae,1,44,359,733,5313,2440748,5220086,FALSE,Mammalia,NA,Megaptera novaeangliae,257
